curated_rank,family_citations,sebd_year,dblp_key,sebd_title,authors,family_title,family_venue_year,curated_note,citations_total,best_title,best_year,best_source,openalex_id,doi
1,259,2005,conf/sebd/BerardiCGHM05,Automatic Composition of Web Services in Colombo,Daniela Berardi; Diego Calvanese; Giuseppe De Giacomo; Richard Hull 0001; Massimo Mecella,Automatic composition of transition-based semantic web services with messaging / Automatic service composition based on behavioral descriptions,"2005, Semantic Web services / IJ Cooperative Information Systems",Manual extended-version grouping; same authors and same service-composition line.,30,Automatic composition of web services in Colombo,2005,IRIS Research product catalog (Sapienza University of Rome),https://openalex.org/W111900207,
2,107,2002,conf/sebd/MecellaSVBCB02,Managing Data Quality in Cooperative Information Systems,Massimo Mecella; Monica Scannapieco; Antonino Virgillito; Roberto Baldoni; Tiziana Catarci; Carlo Batini,Trusting Data Quality in Cooperative Information Systems,"2003, Lecture notes in computer science",OpenAlex best title/author match.,107,Trusting Data Quality in Cooperative Information Systems,2003,Lecture notes in computer science,https://openalex.org/W2115100048,https://doi.org/10.1007/978-3-540-39964-3_23
3,67,2004,conf/sebd/ConfortiGMS04,A Self-organizing XML P2P Database System,Giovanni Conforti; Giorgio Ghelli; Paolo Manghi; Carlo Sartiani,XPeer : A Self-Organizing XML P2P Database System,"2004, Lecture notes in computer science",OpenAlex best title/author match.,67,XPeer : A Self-Organizing XML P2P Database System,2004,Lecture notes in computer science,https://openalex.org/W1538948554,https://doi.org/10.1007/978-3-540-30192-9_45
4,76,2003,conf/sebd/MignetBV03,On the Characterization of the XML Web,Laurent Mignet; Denilson Barbosa 0001; Pierangelo Veltri,Studying the XML Web: Gathering Statistics from an XML Sample,"2005, World Wide Web",Manual extended-version grouping.,0,On the Characterization of the XML Web.,2003,SEBD,https://openalex.org/W176339678,
5,59,2005,conf/sebd/BrambillaCCT05,Exception Handling in Workflow-Driven Web Applications,Marco Brambilla 0001; Stefano Ceri; Sara Comai; Christina Tziviskou,Exception handling in workflow-driven Web applications,2005,OpenAlex best title/author match.,59,Exception handling in workflow-driven Web applications,2005,,https://openalex.org/W2133986878,https://doi.org/10.1145/1060745.1060773
6,65,2004,conf/sebd/BacchinFM04,A Probabilistic Model for Stemmer Generation,Michela Bacchin; Nicola Ferro 0001; Massimo Melucci,A probabilistic model for stemmer generation,"2004, Information Processing & Management",OpenAlex best title/author match.,65,A probabilistic model for stemmer generation,2004,Information Processing & Management,https://openalex.org/W1968951234,https://doi.org/10.1016/j.ipm.2004.04.006
7,65,2005,conf/sebd/AtzeniCB05,Model Independent Schema and Data Translation (Extended abstract),Paolo Atzeni; Paolo Cappellari; Philip A. Bernstein,Model-Independent Schema and Data Translation,"2006, LNCS",Manual extended-version grouping.,1,Model Independent Schema and Data Translation (Extended abstract),2005,Respirology Case Reports,https://openalex.org/W30009031,https://doi.org/10.1002/rcr2.351
8,54,2003,conf/sebd/CuzzocreaFMS03,Approximate Query Answering on Sensor Network Data Streams,Alfredo Cuzzocrea; Filippo Furfaro; Elio Masciari; Cristina Sirangelo,Approximate Query Answering on Sensor Network Data Streams,"2004, GeoSensor Networks",OpenAlex best title/author match.,54,Approximate Query Answering on Sensor Network Data Streams,2004,GeoSensor Networks,https://openalex.org/W131499788,https://doi.org/10.1201/9780203356869.ch4
9,52,2005,conf/sebd/ConfortiMS05,Bigraphical Logics for XML,Giovanni Conforti; Damiano Macedonio; Vladimiro Sassone,Spatial Logics for Bigraphs,"2005, LNCS",Manual related/extended version by same authors.,12,Bigraphical Logics for XML.,2005,ePrints Soton (University of Southampton),https://openalex.org/W1497818511,
10,60,2004,conf/sebd/BaragliaS04,An Online Recommender System,Ranieri Baraglia; Fabrizio Silvestri,An Online Recommender System for Large Web Sites,2004,OpenAlex best title/author match.,60,An Online Recommender System for Large Web Sites,2004,,https://openalex.org/W2075021112,https://doi.org/10.1109/wi.2004.29
11,44,2004,conf/sebd/AmatoGRS04,Milos: A Multimedia Content Management System,Giuseppe Amato 0001; Claudio Gennaro; Fausto Rabitti; Pasquale Savino,Milos: A Multimedia Content Management System for Digital Library Applications,"2004, Lecture notes in computer science",OpenAlex best title/author match.,44,Milos: A Multimedia Content Management System for Digital Library Applications,2004,Lecture notes in computer science,https://openalex.org/W1721970840,https://doi.org/10.1007/978-3-540-30230-8_2
12,50,2003,conf/sebd/CastanoFM03,The Helios framework for peer-based knowledge sharing and evolution,Silvana Castano; Alfio Ferrara; Stefano Montanelli,HELIOS: a general framework for ontology-based knowledge sharing and evolution in P2P systems,2004,OpenAlex best title/author match.,50,HELIOS: a general framework for ontology-based knowledge sharing and evolution in P2P systems,2004,,https://openalex.org/W2147277975,https://doi.org/10.1109/dexa.2003.1232087
13,46,2005,conf/sebd/FaberGL05,Magic Sets and their Application to Data Integration,Wolfgang Faber 0001; Gianluigi Greco; Nicola Leone,Magic Sets and their application to data integration,"2006, Journal of Computer and System Sciences",OpenAlex best title/author match.,46,Magic Sets and their application to data integration,2006,Journal of Computer and System Sciences,https://openalex.org/W2019597813,https://doi.org/10.1016/j.jcss.2006.10.012
14,21,2003,conf/sebd/BartoliniBCCGPR03,PAtterns for Next-generation DAtabase systems: preliminary results of the PANDA project,Ilaria Bartolini; Elisa Bertino; Barbara Catania; Paolo Ciaccia; Matteo Golfarelli; Marco Patella; Stefano Rizzi,PAtterns for Next-generation DAtabase systems: preliminary results of the PANDA project.,"2003, CINECA IRIS Institutial Research Information System (University of Genoa)",OpenAlex best title/author match.,21,PAtterns for Next-generation DAtabase systems: preliminary results of the PANDA project.,2003,CINECA IRIS Institutial Research Information System (University of Genoa),https://openalex.org/W72710100,
15,32,2003,conf/sebd/ArlottaCMM03,Automatic annotation of data extracted from large web sites,Luigi Arlotta; Valter Crescenzi; Giansalvatore Mecca; Paolo Merialdo,Automatic annotation of data extracted from large Web sites.,2003,OpenAlex best title/author match.,32,Automatic annotation of data extracted from large Web sites.,2003,,https://openalex.org/W113372867,
16,30,2002,conf/sebd/PeimFPG02,Query Processing with Description Logic Ontologies over Object-Wrapped Databases,Martin Peim; Enrico Franconi; Norman W. Paton; Carole A. Goble,Query processing with description logic ontologies over object-wrapped databases,2003,OpenAlex best title/author match.,30,Query processing with description logic ontologies over object-wrapped databases,2003,,https://openalex.org/W2112343151,https://doi.org/10.1109/ssdm.2002.1029703
17,34,2004,conf/sebd/CannataroCV04,"Using Ontologies in PROTEUS, a Grid-Based Problem Solving Environment for Bioinformatics",Mario Cannataro; Carmela Comito; Pierangelo Veltri,"Proteus, a Grid based Problem Solving Environment for Bioinformatics: Architecture and Experiments",2004,OpenAlex best title/author match.,34,"Proteus, a Grid based Problem Solving Environment for Bioinformatics: Architecture and Experiments",2004,,https://openalex.org/W12633767,
18,24,2002,conf/sebd/CaliCGLNV02,IBIS: Data Integration at Work,Andrea Calì; Diego Calvanese; Giuseppe De Giacomo; Maurizio Lenzerini; Paolo Naggar; Fabio Vernacotola,IBIS: Semantic Data Integration at Work,"2003, Notes on numerical fluid mechanics and multidisciplinary design",OpenAlex best title/author match.,24,IBIS: Semantic Data Integration at Work,2003,Notes on numerical fluid mechanics and multidisciplinary design,https://openalex.org/W1494284132,https://doi.org/10.1007/3-540-45017-3_8
19,26,2005,conf/sebd/ColazzoGMS05,Types for Path Correctness of XML Queries,Dario Colazzo; Giorgio Ghelli; Paolo Manghi; Carlo Sartiani,Static analysis for path correctness of XML queries,"2006, Journal of Functional Programming",Manual extended-version grouping.,17,Types for path correctness of XML queries,2004,,https://openalex.org/W291475576,https://doi.org/10.1145/1016850.1016869
20,25,2003,conf/sebd/GiannottiNPS03,WebCat: Automatic Categorization of Web Search Results,Fosca Giannotti; Mirco Nanni; Dino Pedreschi; F. Samaritani,WebCat: Automatic Categorization of Web Search Results.,"2003, CINECA IRIS Institutial research information system (University of Pisa)",OpenAlex best title/author match.,25,WebCat: Automatic Categorization of Web Search Results.,2003,CINECA IRIS Institutial research information system (University of Pisa),https://openalex.org/W201179911,
21,31,2002,conf/sebd/TorloneC02,Finding the Best when it's a Matter of Preference,Riccardo Torlone; Paolo Ciaccia,Finding the Best when it's a Matter of Preference.,2002,OpenAlex best title/author match.,31,Finding the Best when it's a Matter of Preference.,2002,,https://openalex.org/W115861246,
22,21,2004,conf/sebd/FranconiKLZ04,The coDB Robust Peer-to-Peer Database System,Enrico Franconi; Gabriel M. Kuper; Andrei Lopatenko; Ilya Zaihrayeu,THE CODB ROBUST PEER-TO-PEER DATABASE SYSTEM,"2004, Unitn Eprints Research (Università Degli Studi di Trento)",OpenAlex best title/author match.,21,THE CODB ROBUST PEER-TO-PEER DATABASE SYSTEM,2004,Unitn Eprints Research (Università Degli Studi di Trento),https://openalex.org/W2136416642,
23,14,2005,conf/sebd/LeoneEFFGG05,Boosting Information Integration: The INFOMIX System,Nicola Leone; Thomas Eiter; Wolfgang Faber 0001; Michael Fink 0001; Georg Gottlob; Gianluigi Greco,Boosting Information Integration: The INFOMIX System,"2005, IRIS Research product catalog (Sapienza University of Rome)",OpenAlex best title/author match.,14,Boosting Information Integration: The INFOMIX System,2005,IRIS Research product catalog (Sapienza University of Rome),https://openalex.org/W192471523,
24,22,2002,conf/sebd/GolfarelliRS02,WAND: A CASE Tool for Workload-Based Design of a Data Mart,Matteo Golfarelli; Stefano Rizzi; Ettore Saltarelli,WAND: A CASE Tool for Workload-Based Design of a Data Mart.,"2002, SEBD",OpenAlex best title/author match.,22,WAND: A CASE Tool for Workload-Based Design of a Data Mart.,2002,SEBD,https://openalex.org/W6281061,https://doi.org/10.1016/0014-5793(82)80478-x
25,19,2004,conf/sebd/BaralisCCLP04,Frequent Itemset Mining in a Relational DBMS,Elena Baralis; Tania Cerquitelli; Silvia Chiusano; Alice Lottini; Lorena Pansa,Index Support for Frequent Itemset Mining in a Relational DBMS,2005,OpenAlex best title/author match.,19,Index Support for Frequent Itemset Mining in a Relational DBMS,2005,,https://openalex.org/W2126184480,https://doi.org/10.1109/icde.2005.80
26,20,2005,conf/sebd/PigozzoQ05,An algorithm for generating XML Schemas from ER Schemas,Paolo Pigozzo; Elisa Quintarelli,An algorithm for generating XML Schemas from ER Schemas.,"2005, Seminars in Thrombosis and Hemostasis",OpenAlex best title/author match.,20,An algorithm for generating XML Schemas from ER Schemas.,2005,Seminars in Thrombosis and Hemostasis,https://openalex.org/W7997884,https://doi.org/10.1055/s-2007-1001896
27,15,2002,conf/sebd/MandreoliMT02,Searching Similar (Sub)Sentences for Example-Based Machine Translation,Federica Mandreoli; Riccardo Martoglia; Paolo Tiberio,Searching Similar (Sub)Sentences for Example-Based Machine Translation,2002,OpenAlex best title/author match.,15,Searching Similar (Sub)Sentences for Example-Based Machine Translation,2002,,https://openalex.org/W127974597,
28,17,2005,conf/sebd/PoggiA05,XML Data Integration with identification,Antonella Poggi; Serge Abiteboul,XML Data Integration with Identification,"2005, Lecture notes in computer science",OpenAlex best title/author match.,17,XML Data Integration with Identification,2005,Lecture notes in computer science,https://openalex.org/W1495275327,https://doi.org/10.1007/11601524_7
29,19,2002,conf/sebd/Grandi02,A Relational Multi-Schema Data Model and Query Language for Full Support of Schema Versioning,Fabio Grandi 0001,A Relational Multi-Schema Data Model and Query Language for Full Support of Schema Versioning.,2002,OpenAlex best title/author match.,19,A Relational Multi-Schema Data Model and Query Language for Full Support of Schema Versioning.,2002,,https://openalex.org/W179935699,
30,10,2002,conf/sebd/CastanoAFO02,Ontology-based Integration of Heterogeneous XML Datasources,Silvana Castano; Valeria De Antonellis; Alfio Ferrara; G. S. Kuruvilla Ottathycal,Ontology-based Integration of Heterogeneous XML Datasources.,"2002, SEBD",OpenAlex best title/author match.,10,Ontology-based Integration of Heterogeneous XML Datasources.,2002,SEBD,https://openalex.org/W25781604,https://doi.org/10.1371/journal.pone.0119379
31,6,2005,conf/sebd/ColucciCNSDPR05,Semantic-Based Resource Retrieval using Non-Standard Inference Services in Description Logics,Simona Colucci; Stefano Coppi; Tommaso Di Noia; Eugenio Di Sciascio; Francesco M. Donini; Agnese Pinto; Azzurra Ragone,Semantic-Based Resource Retrieval using Non-Standard Inference Services in Description Logics.,2005,OpenAlex best title/author match.,6,Semantic-Based Resource Retrieval using Non-Standard Inference Services in Description Logics.,2005,,https://openalex.org/W2406811693,
32,13,2003,conf/sebd/TorloneC03,Management of User Preferences in Data Intensive Applications,Riccardo Torlone; Paolo Ciaccia,Management of User Preferences in Data Intensive Applications.,2003,OpenAlex best title/author match.,13,Management of User Preferences in Data Intensive Applications.,2003,,https://openalex.org/W114019344,
33,12,2003,conf/sebd/FranconiK03,The GMD Data Model for Multidimensional Information: a brief introduction,Enrico Franconi; Anand Kamble,The GMD Data Model for Multidimensional Information: A Brief Introduction,"2003, Lecture notes in computer science",OpenAlex best title/author match.,12,The GMD Data Model for Multidimensional Information: A Brief Introduction,2003,Lecture notes in computer science,https://openalex.org/W1508342441,https://doi.org/10.1007/978-3-540-45228-7_7
34,10,2005,conf/sebd/ArtalePS05,Modeling the Evolution of Objects in Temporal Information Systems,Alessandro Artale; Christine Parent; Stefano Spaccapietra,Modeling the Evolution of Objects in Temporal Information Systems,"2006, Lecture notes in computer science",OpenAlex best title/author match.,10,Modeling the Evolution of Objects in Temporal Information Systems,2006,Lecture notes in computer science,https://openalex.org/W188409093,https://doi.org/10.1007/11663881_3
35,9,2005,conf/sebd/FentGM05,Granular GeoGraph: a multi-granular conceptual model for spatial data,Iginia De Fent; Donatella Gubiani; Angelo Montanari,Granular GeoGraph: a multi-granular conceptual model for spatial data.,"2005, SEBD",OpenAlex best title/author match.,9,Granular GeoGraph: a multi-granular conceptual model for spatial data.,2005,SEBD,https://openalex.org/W30275949,https://doi.org/10.1016/j.amsu.2018.09.006
36,10,2003,conf/sebd/ConfortiG03,Spatial Tree Logics to reason about Semistructured Data,Giovanni Conforti; Giorgio Ghelli,Spatial Tree Logics to reason about Semistructured Data,"2003, CINECA IRIS Institutial research information system (University of Pisa)",OpenAlex best title/author match.,10,Spatial Tree Logics to reason about Semistructured Data,2003,CINECA IRIS Institutial research information system (University of Pisa),https://openalex.org/W150126932,
37,7,2005,conf/sebd/DongilliFFT05,A Multi-Agent System for Querying Heterogeneous Data Sources with Ontologies,Paolo Dongilli; Pablo R. Fillottrani; Enrico Franconi; Sergio Tessaris,A Multi-Agent System for Querying Heterogeneous Data Sources with Ontologies.,2005,OpenAlex best title/author match.,7,A Multi-Agent System for Querying Heterogeneous Data Sources with Ontologies.,2005,,https://openalex.org/W201322131,
38,7,2004,conf/sebd/BaralisGQT04,Answering Queries on XML Data by means of Association Rules,Elena Baralis; Paolo Garza; Elisa Quintarelli; Letizia Tanca,Answering Queries on XML Data by means of Association Rules,"2004, PORTO Publications Open Repository TOrino (Politecnico di Torino)",OpenAlex best title/author match.,7,Answering Queries on XML Data by means of Association Rules,2004,PORTO Publications Open Repository TOrino (Politecnico di Torino),https://openalex.org/W1559293906,
39,4,2004,conf/sebd/BolchiniCGGMST04,PoLiDBMS: Design and Prototype Implementation of a DBMS for Portable Devices,Cristiana Bolchini; Carlo Curino; Marco Giorgetta; Alessandro Giusti; Antonio Miele; Fabio Alberto Schreiber; Letizia Tanca,PoLiDBMS: Design and Prototype Implementation of a DBMS for Portable Devices.,2004,OpenAlex best title/author match.,4,PoLiDBMS: Design and Prototype Implementation of a DBMS for Portable Devices.,2004,,https://openalex.org/W1590757749,
40,7,2002,conf/sebd/BrambillaCF02,Hypertext Semantics for Web Applications,Marco Brambilla 0001; Sara Comai; Piero Fraternali,Hypertext Semantics for Web Applications,2002,OpenAlex best title/author match.,7,Hypertext Semantics for Web Applications,2002,,https://openalex.org/W1488103457,
41,8,2004,conf/sebd/CabibboT04,Dimension Compatibility for Data Mart Integration,Luca Cabibbo; Riccardo Torlone,Dimension Compatibility for Data Mart Integration,2004,OpenAlex best title/author match.,8,Dimension Compatibility for Data Mart Integration,2004,,https://openalex.org/W1348836,https://doi.org/10.1016/0140-6736(92)91582-s
42,5,2003,conf/sebd/GrandiMTB03,A temporal data model and system architecture for the management of normative texts,Fabio Grandi 0001; Federica Mandreoli; Paolo Tiberio; Marco Bergonzini,A temporal data model and system architecture for the management of normative texts.,2003,OpenAlex best title/author match.,5,A temporal data model and system architecture for the management of normative texts.,2003,,https://openalex.org/W1551318230,
43,5,2004,conf/sebd/NanniRRT04,Deductive and Inductive Reasoning on Trajectories,Mirco Nanni; Alessandra Raffaetà; Chiara Renso; Franco Turini,Deductive and Inductive Reasoning on Spatio-Temporal Data,"2005, Lecture notes in computer science",OpenAlex best title/author match.,5,Deductive and Inductive Reasoning on Spatio-Temporal Data,2005,Lecture notes in computer science,https://openalex.org/W2266819749,https://doi.org/10.1007/11415763_7
44,4,2004,conf/sebd/CalvaneseGLLR04,Query Reformulation over Ontology-based Peers,Diego Calvanese; Giuseppe De Giacomo; Domenico Lembo; Maurizio Lenzerini; Riccardo Rosati 0001,Query Reformulation over Ontology-based Peers.,"2004, View",OpenAlex best title/author match.,4,Query Reformulation over Ontology-based Peers.,2004,View,https://openalex.org/W146835016,
45,6,2002,conf/sebd/LisiM02,Efficient Discovery of Multiple-level Patterns,Francesca A. Lisi; Donato Malerba,Efficient Discovery of Multiple-level Patterns.,"2002, CINECA IRIS Institutional Research Information System (University of Bari Aldo Moro)",OpenAlex best title/author match.,6,Efficient Discovery of Multiple-level Patterns.,2002,CINECA IRIS Institutional Research Information System (University of Bari Aldo Moro),https://openalex.org/W168590744,
46,3,2002,conf/sebd/FlescaMMPP02,Fast Detection of XML Structural Similarity,Sergio Flesca; Giuseppe Manco 0001; Elio Masciari; Luigi Pontieri; Andrea Pugliese 0001,Fast detection of XML structural similarity,"2005, IEEE Transactions on Knowledge and Data Engineering",OpenAlex best title/author match.,3,Fast detection of XML structural similarity,2005,IEEE Transactions on Knowledge and Data Engineering,https://openalex.org/W220190504,https://doi.org/10.1109/tkde.2005.27
47,5,2005,conf/sebd/CapitaniC05,Efficiently and Accurately Comparing Real-valued Data Streams,Paolo Capitani; Paolo Ciaccia,Efficiently and Accurately Comparing Real-valued Data Streams,2005,OpenAlex best title/author match.,5,Efficiently and Accurately Comparing Real-valued Data Streams,2005,,https://openalex.org/W45917717,
48,4,2002,conf/sebd/CaliCGL02,Accessing Data Integration Systems through Conceptual Schemas,Andrea Calì; Diego Calvanese; Giuseppe De Giacomo; Maurizio Lenzerini,Accessing Data Integration Systems through Conceptual Schemas,"2001, Lecture notes in computer science",OpenAlex best title/author match.,4,Accessing Data Integration Systems through Conceptual Schemas,2001,Lecture notes in computer science,https://openalex.org/W1479791002,https://doi.org/10.1007/3-540-45581-7_21
49,4,2002,conf/sebd/LemboLR02,Integrating Inconsistent and Incomplete Data Sources,Domenico Lembo; Maurizio Lenzerini; Riccardo Rosati 0001,Integrating inconsistent and incomplete data sources,"2002, IRIS Research product catalog (Sapienza University of Rome)",OpenAlex best title/author match.,4,Integrating inconsistent and incomplete data sources,2002,IRIS Research product catalog (Sapienza University of Rome),https://openalex.org/W161408479,
50,4,2003,conf/sebd/DekeyserHP03,Instance Independent Concurrency Control for Semistructured Databases,Stijn Dekeyser; Jan Hidders; Jan Paredaens,Instance independent concurrency control for semistructured databases,"2003, BIROn (Birkbeck, University of London)",OpenAlex best title/author match.,4,Instance independent concurrency control for semistructured databases,2003,"BIROn (Birkbeck, University of London)",https://openalex.org/W140098791,
51,4,2003,conf/sebd/SantisSC03,A Trust Model for Tightly Coupled P2P Systems,Luca De Santis; Monica Scannapieco; Tiziana Catarci,A Trust Model for Tightly Coupled P2P Systems.,"2003, SEBD",OpenAlex best title/author match.,4,A Trust Model for Tightly Coupled P2P Systems.,2003,SEBD,https://openalex.org/W158264626,
52,4,2004,conf/sebd/OrlandoPS04,Assigning Document Identifiers to Enhance Compressibility of Fulltext Indices,Salvatore Orlando 0001; Raffaele Perego 0001; Fabrizio Silvestri,Assigning Document Identifiers to Enhance Compressibility of Fulltext Indices.,"2004, SEBD",OpenAlex best title/author match.,4,Assigning Document Identifiers to Enhance Compressibility of Fulltext Indices.,2004,SEBD,https://openalex.org/W34424343,https://doi.org/10.1093/mmy/myab050
53,2,2003,conf/sebd/BeneventanoBFGVM03,A Peer-To-Peer Agent-Based Semantic Search Engine,Domenico Beneventano; Sonia Bergamaschi; Alain Fergnani; Francesco Guerra 0001; Maurizio Vincini; Daniele Montanari,A Peer-to-Peer Agent-Based Semantic Search Engine,2003,OpenAlex best title/author match.,2,A Peer-to-Peer Agent-Based Semantic Search Engine,2003,,https://openalex.org/W192547314,
54,2,2004,conf/sebd/AppiceBCLMT04,Mining interesting spatial association rules: two case studies,Annalisa Appice; Margherita Berardi; Michelangelo Ceci; Michele Lapi; Donato Malerba; Antonio Turi,Mining interesting spatial association rules: two case studies.,"2004, CINECA IRIS Institutional Research Information System (University of Bari Aldo Moro)",OpenAlex best title/author match.,2,Mining interesting spatial association rules: two case studies.,2004,CINECA IRIS Institutional Research Information System (University of Bari Aldo Moro),https://openalex.org/W61663770,
55,3,2005,conf/sebd/CaropreseGSZ05,A logic based approach to P2P Databases,Luciano Caroprese; Sergio Greco; Cristina Sirangelo; Ester Zumpano,A logic based approach to P2P Databases.,"2005, SEBD",OpenAlex best title/author match.,3,A logic based approach to P2P Databases.,2005,SEBD,https://openalex.org/W53513950,
56,2,2002,conf/sebd/BeneventanoBBGV02,SI-Web: a Web Based Interface for the MOMIS Project,Domenico Beneventano; Sonia Bergamaschi; D. Bianco; Francesco Guerra 0001; Maurizio Vincini,SI-Web: a Web based interface for the MOMIS project,"2002, Cureus",OpenAlex best title/author match.,2,SI-Web: a Web based interface for the MOMIS project,2002,Cureus,https://openalex.org/W38077678,https://doi.org/10.7759/cureus.50069
57,2,2002,conf/sebd/NaggarPPTV02,A Model and a Framework for Defining Networks of Multidimensional Data Marts,Paolo Naggar; Luigi Pontieri; Mariella Pupo; Giorgio Terracina; Emanuela Virardi,A Model and a Framework for Defining Networks of Multidimensional Data Marts.,"2002, SEBD",OpenAlex best title/author match.,2,A Model and a Framework for Defining Networks of Multidimensional Data Marts.,2002,SEBD,https://openalex.org/W132482984,
58,3,2005,conf/sebd/RomeiRT05,KDDML: a middleware language and system for knowledge discovery in databases,Andrea Romei; Salvatore Ruggieri; Franco Turini,KDDML: A middleware language and system for knowledge discovery in databases,"2005, Data & Knowledge Engineering",OpenAlex best title/author match.,3,KDDML: A middleware language and system for knowledge discovery in databases,2005,Data & Knowledge Engineering,https://openalex.org/W1223310634,https://doi.org/10.1016/j.datak.2005.04.007
59,3,2002,conf/sebd/LeoneMS02,Cost-based Query Decompositions,Nicola Leone; Alfredo Mazzitelli; Francesco Scarcello,Cost-based Query Decompositions.,"2002, SEBD",OpenAlex best title/author match.,3,Cost-based Query Decompositions.,2002,SEBD,https://openalex.org/W102939475,
60,3,2004,conf/sebd/CrescenziMM04,Improving the expressiveness of ROADRUNNER,Valter Crescenzi; Giansalvatore Mecca; Paolo Merialdo,Improving the expressiveness of ROADRUNNER.,"2004, Iris (Roma Tre University)",OpenAlex best title/author match.,3,Improving the expressiveness of ROADRUNNER.,2004,Iris (Roma Tre University),https://openalex.org/W56723464,
61,3,2003,conf/sebd/BelussiBN03,Grid Based Methods for the Spatial Join Estimation,Alberto Belussi; Elisa Bertino; Andrea Nucita,Grid Based Methods for the Spatial Join Estimation.,2003,OpenAlex best title/author match.,3,Grid Based Methods for the Spatial Join Estimation.,2003,,https://openalex.org/W105222042,
62,2,2005,conf/sebd/BertossiBFL05,Data Cleansing for Numerical Data Sets,Leopoldo E. Bertossi; Loreto Bravo; Enrico Franconi; Andrei Lopatenko,Data Cleansing for Numerical Data Sets.,"2005, SEBD",OpenAlex best title/author match.,2,Data Cleansing for Numerical Data Sets.,2005,SEBD,https://openalex.org/W187770952,
63,1,2002,conf/sebd/ConfortiGACMS02,The Query Language TQL - Demo Presentation,Giovanni Conforti; Giorgio Ghelli; Antonio Albano; Dario Colazzo; Paolo Manghi; Carlo Sartiani,The Query Language TQL - Demo Presentation.,2002,OpenAlex best title/author match.,1,The Query Language TQL - Demo Presentation.,2002,,https://openalex.org/W1607557023,
64,2,2004,conf/sebd/BenassiBV04,Web Semantic Search with TUCUXI,Roberta Benassi; Sonia Bergamaschi; Maurizio Vincini,Web Semantic Search with TUCUXI,"2004, Iris Unimore (University of Modena and Reggio Emilia)",OpenAlex best title/author match.,2,Web Semantic Search with TUCUXI,2004,Iris Unimore (University of Modena and Reggio Emilia),https://openalex.org/W147678309,
65,2,2003,conf/sebd/BenhlimaCZ03,XML-based Integration for E-learning,Laila Benhlima; Dalila Chiadmi; Ahmed Zellou,XML-based Integration for E-learning.,"2003, SEBD",OpenAlex best title/author match.,2,XML-based Integration for E-learning.,2003,SEBD,https://openalex.org/W70876441,
66,2,2003,conf/sebd/MandreoliMT03,Un Metodo per il Riconoscimento di Duplicati in Collezioni di Documenti,Federica Mandreoli; Riccardo Martoglia; Paolo Tiberio,Un Metodo per il Riconoscimento di Duplicati in Collezioni di Documenti.,2003,OpenAlex best title/author match.,2,Un Metodo per il Riconoscimento di Duplicati in Collezioni di Documenti.,2003,,https://openalex.org/W26893807,
67,2,2004,conf/sebd/CatarciMS04,Data Quality Improvement in the DaQuinCIS System,Tiziana Catarci; Diego Milano; Monica Scannapieco,Peer-to-Peer Data Quality Improvement in the DaQuinCIS System,"2005, IRIS Research product catalog (Sapienza University of Rome)",OpenAlex best title/author match.,2,Peer-to-Peer Data Quality Improvement in the DaQuinCIS System,2005,IRIS Research product catalog (Sapienza University of Rome),https://openalex.org/W47087250,
68,3,2002,conf/sebd/Nanni02,Distances for Spatio-Temporal Clustering,Mirco Nanni,Distances For Spatio-Temporal Clustering.,"2002, CINECA IRIS Institutial research information system (University of Pisa)",OpenAlex best title/author match.,3,Distances For Spatio-Temporal Clustering.,2002,CINECA IRIS Institutial research information system (University of Pisa),https://openalex.org/W2928491839,
69,3,2005,conf/sebd/Sartiani05,Correctness of Query Results in XML P2P Databases,Carlo Sartiani,On the correctness of query results in XML P2P databases,"2004, CINECA IRIS Institutional Research Information System (University of Basilicata)",OpenAlex best title/author match.,3,On the correctness of query results in XML P2P databases,2004,CINECA IRIS Institutional Research Information System (University of Basilicata),https://openalex.org/W2151712363,https://doi.org/10.1109/p2p.2004.30
70,1,2005,conf/sebd/CesarioFLMO05,RecBoost: A Supervised Approach to Text Segmentation,Eugenio Cesario; Francesco Folino; Antonio Locane; Giuseppe Manco 0001; Riccardo Ortale,RecBoost: A Supervised Approach to Text Segmentation.,"2005, SEBD",OpenAlex best title/author match.,1,RecBoost: A Supervised Approach to Text Segmentation.,2005,SEBD,https://openalex.org/W70199991,
71,2,2005,conf/sebd/BartoliniC05,Optimal Incremental Evaluation of Preference Queries Based on Ranked Sub-queries,Ilaria Bartolini; Paolo Ciaccia,Optimal Incremental Evaluation of Preference Queries Based on Ranked Sub-queries,2005,OpenAlex best title/author match.,2,Optimal Incremental Evaluation of Preference Queries Based on Ranked Sub-queries,2005,,https://openalex.org/W26091651,https://doi.org/10.1007/s00120-015-3894-0
72,2,2003,conf/sebd/BartoliniC03,MuSIQUE: A Multi-System Image Querying User Interface,Ilaria Bartolini; Paolo Ciaccia,MuSIQUE: A Multi-System Image Querying User Interface.,2003,OpenAlex best title/author match.,2,MuSIQUE: A Multi-System Image Querying User Interface.,2003,,https://openalex.org/W1482668227,
73,2,2004,conf/sebd/PoggiR04,Filling the gap between data federation and data integration,Antonella Poggi; Marco Ruzzi,Filling the gap between data federation and data integration.,2004,OpenAlex best title/author match.,2,Filling the gap between data federation and data integration.,2004,,https://openalex.org/W180786659,
74,0,2003,conf/sebd/ColomboARSMMMPP03,Gestione dinamica dei servizi in processi cooperativi,Enzo Colombo; Valeria De Antonellis; Fabio De Rosa; Luca De Santis; Massimo Mecella; Michele Melchiori; Enrico Mussi; Barbara Pernici; Pierluigi Plebani,Gestione dinamica dei servizi in processi cooperativi.,2003,No reliable OpenAlex citation match found.,0,Gestione dinamica dei servizi in processi cooperativi.,2003,,https://openalex.org/W182725183,
75,1,2005,conf/sebd/GrecoGMS05,Mining Correlations in Workflows Executions,Gianluigi Greco; Antonella Guzzo; Giuseppe Manco 0001; Domenico Saccà,Mining Correlations in Workflows Executions.,"2005, SEBD",OpenAlex best title/author match.,1,Mining Correlations in Workflows Executions.,2005,SEBD,https://openalex.org/W10359703,https://doi.org/10.1016/s0960-9822(99)80263-2
76,1,2005,conf/sebd/2005,"Proceedings of the Thirteenth Italian Symposium on Advanced Database Systems, SEBD 2005, Brixen-Bressanone (near Bozen-Bolzano), Italy, June 19-22, 2005",Andrea Calì; Diego Calvanese; Enrico Franconi; Maurizio Lenzerini; Letizia Tanca,"Proceedings of the Thirteenth Italian Symposium on Advanced Database Systems, SEBD 2005, Brixen-Bressanone (near Bozen-Bolzano), Italy, June 19-22, 2005","2005, SEBD",OpenAlex best title/author match.,1,"Proceedings of the Thirteenth Italian Symposium on Advanced Database Systems, SEBD 2005, Brixen-Bressanone (near Bozen-Bolzano), Italy, June 19-22, 2005",2005,SEBD,https://openalex.org/W332817753,
77,1,2002,conf/sebd/MalerbaACV02,Mining Classification and Association Rules in Geographical Data with SDMOQL,Donato Malerba; Annalisa Appice; Michelangelo Ceci; Nicola Vacca,Mining Classification and Association Rules in Geographical Data with SDMOQL.,"2002, CINECA IRIS Institutional Research Information System (University of Bari Aldo Moro)",OpenAlex best title/author match.,1,Mining Classification and Association Rules in Geographical Data with SDMOQL.,2002,CINECA IRIS Institutional Research Information System (University of Bari Aldo Moro),https://openalex.org/W204986645,
78,1,2002,conf/sebd/TinininiPSF02,Spatio-temporal Information Systems in a Statistical Context,Leonardo Tininini; Mario Paolucci; Giuseppe Sindoni; Stefano De Francisci,Spatio-temporal Information Systems in a Statistical Context,"2002, Lecture notes in computer science",OpenAlex best title/author match.,1,Spatio-temporal Information Systems in a Statistical Context,2002,Lecture notes in computer science,https://openalex.org/W1504712635,https://doi.org/10.1007/3-540-45876-x_21
79,1,2003,conf/sebd/ZanioloLLW03,Incompleteness of Database Languages for Data Streams and Data Mining: the Problem and the Cure,Carlo Zaniolo; Chang Luo; Y. Law; Haixun Wang,Incompleteness of Database Languages for Data Streams and Data Mining: the Problem and the Cure.,"2003, SEBD",OpenAlex best title/author match.,1,Incompleteness of Database Languages for Data Streams and Data Mining: the Problem and the Cure.,2003,SEBD,https://openalex.org/W94632805,
80,1,2004,conf/sebd/FurfaroMSS04,A New Histogram-based Technique for Compressing Multi-Dimensional Data,Filippo Furfaro; Giuseppe M. Mazzeo; Domenico Saccà; Cristina Sirangelo,A New Histogram-based Technique for Compressing Multi-Dimensional Data.,"2004, SEBD",OpenAlex best title/author match.,1,A New Histogram-based Technique for Compressing Multi-Dimensional Data.,2004,SEBD,https://openalex.org/W104541927,
81,2,2002,conf/sebd/Chavez02,Knowledge-based Distances for Sequence Comparison,Edgar Chávez,Knowledge-based Distances for Sequence Comparison.,"2002, SEBD",OpenAlex best title/author match.,2,Knowledge-based Distances for Sequence Comparison.,2002,SEBD,https://openalex.org/W59540960,
82,1,2003,conf/sebd/DiamantiniPP03,Una piattaforma per servizi di KDD,Claudia Diamantini; Maurizio Panti; Domenico Potena,Una piattaforma per servizi di KDD.,"2003, Università Politecnica delle Marche (Università Politecnica delle Marche)",OpenAlex best title/author match.,1,Una piattaforma per servizi di KDD.,2003,Università Politecnica delle Marche (Università Politecnica delle Marche),https://openalex.org/W136812324,
83,1,2003,conf/sebd/MarinaiMS03,Word retrieval in document images without OCR,Simone Marinai; Emanuele Marino; Giovanni Soda,Word retrieval in document images without OCR.,2003,OpenAlex best title/author match.,1,Word retrieval in document images without OCR.,2003,,https://openalex.org/W175761646,
84,1,2002,conf/sebd/ComaiMT02,Approximate Aggregate Queries on XML Data,Sara Comai; Stefania Marrara; Letizia Tanca,Approximate aggregate queries on XML data,"2002, Virtual Community of Pathological Anatomy (University of Castilla La Mancha)",OpenAlex best title/author match.,1,Approximate aggregate queries on XML data,2002,Virtual Community of Pathological Anatomy (University of Castilla La Mancha),https://openalex.org/W81491006,
85,1,2002,conf/sebd/RaffaeteaRT02,Qualitative Reasoning in a Spatio-Temporal Language,Alessandra Raffaetà; Chiara Renso; Franco Turini,Qualitative Reasoning in a Spatio-Temporal Language.,"2001, ARCA (Università Ca' Foscari Venezia)",OpenAlex best title/author match.,1,Qualitative Reasoning in a Spatio-Temporal Language.,2001,ARCA (Università Ca' Foscari Venezia),https://openalex.org/W207106715,
86,1,2003,conf/sebd/CombiOQ03,A Unified Model for Semistructured Temporal Data,Carlo Combi; Barbara Oliboni; Elisa Quintarelli,A Unified Model for Semistructured Temporal Data,"2003, Virtual Community of Pathological Anatomy (University of Castilla La Mancha)",OpenAlex best title/author match.,1,A Unified Model for Semistructured Temporal Data,2003,Virtual Community of Pathological Anatomy (University of Castilla La Mancha),https://openalex.org/W187087373,
87,1,2004,conf/sebd/LavelliSZ04,An Experimental Comparison of Term Representation for Term Management Applications,Alberto Lavelli; Fabrizio Sebastiani 0001; Roberto Zanoli,An Experimental Comparison of Term Representation for Term Management Applications.,"2004, SEBD",OpenAlex best title/author match.,1,An Experimental Comparison of Term Representation for Term Management Applications.,2004,SEBD,https://openalex.org/W123555430,
88,1,2004,conf/sebd/MandreoliMZ04,Unordered XML Pattern Matching with Tree Signatures,Federica Mandreoli; Riccardo Martoglia; Pavel Zezula,Unordered XML Pattern Matching with Tree Signatures,"2004, IRIS UNIMORE (University of Modena and Reggio Emilia)",OpenAlex best title/author match.,1,Unordered XML Pattern Matching with Tree Signatures,2004,IRIS UNIMORE (University of Modena and Reggio Emilia),https://openalex.org/W1547524928,
89,1,2003,conf/sebd/BuccafurriL03,L'Istogramma nLT: una Codifica Approssimata di Range Query Gerarchiche,Francesco Buccafurri; Gianluca Lax,L'Istogramma nLT: una Codifica Approssimata di Range Query Gerarchiche.,"2003, SEBD",OpenAlex best title/author match.,1,L'Istogramma nLT: una Codifica Approssimata di Range Query Gerarchiche.,2003,SEBD,https://openalex.org/W103032995,
90,1,2004,conf/sebd/BuccafurriL04,Rappresentazioni compresse di Data Stream attraverso istogrammi,Francesco Buccafurri; Gianluca Lax,Rappresentazioni compresse di Data Stream attraverso istogrammi.,"2004, SEBD",OpenAlex best title/author match.,1,Rappresentazioni compresse di Data Stream attraverso istogrammi.,2004,SEBD,https://openalex.org/W185717538,
91,1,2002,conf/sebd/MissikoffT02,Business and Enterprise Ontology Management with SymOntoX,Michele Missikoff; Francesco Taglino,Business and Enterprise Ontology Management with SymOntoX,"2002, Lecture notes in computer science",OpenAlex best title/author match.,1,Business and Enterprise Ontology Management with SymOntoX,2002,Lecture notes in computer science,https://openalex.org/W1536662675,https://doi.org/10.1007/3-540-48005-6_38
92,1,2002,conf/sebd/OrsiniC02,A Workbench for Prototyping XML Data Exchange,Renzo Orsini; Augusto Celentano,A Workbench for Prototyping XML Data Exchange,"2002, ARCA (Università Ca' Foscari Venezia)",OpenAlex best title/author match.,1,A Workbench for Prototyping XML Data Exchange,2002,ARCA (Università Ca' Foscari Venezia),https://openalex.org/W62584444,
93,1,2003,conf/sebd/FornariI03,A New Algorithm for Spatial Join Based in Space Subdivision,Miguel Rodrigues Fornari; Cirano Iochpe,A New Algorithm for Spatial Join Based in Space Subdivision.,"2003, SEBD",OpenAlex best title/author match.,1,A New Algorithm for Spatial Join Based in Space Subdivision.,2003,SEBD,https://openalex.org/W47865519,
94,1,2003,conf/sebd/GarzottoP03,Conceptual Modelling of Services in Multi/Cross Channel Web Applications,Franca Garzotto; Vito Perrone,Conceptual Modelling of Services in Multi/Cross Channel Web Applications,"2003, BOA (University of Milano-Bicocca)",OpenAlex best title/author match.,1,Conceptual Modelling of Services in Multi/Cross Channel Web Applications,2003,BOA (University of Milano-Bicocca),https://openalex.org/W133270344,
95,1,2003,conf/sebd/LisiM03,Towards Object-Relational Data Mining,Francesca A. Lisi; Donato Malerba,Towards Object-Relational Data Mining.,"2003, CINECA IRIS Institutional Research Information System (University of Bari Aldo Moro)",OpenAlex best title/author match.,1,Towards Object-Relational Data Mining.,2003,CINECA IRIS Institutional Research Information System (University of Bari Aldo Moro),https://openalex.org/W43592726,
96,1,2005,conf/sebd/PleshachkovCK05,A Locking Based Scheduler for XML Databases,Peter Pleshachkov; Petr Chardin; Sergei D. Kuznetsov,A Locking Based Scheduler for XML Databases.,"2005, SEBD",OpenAlex best title/author match.,1,A Locking Based Scheduler for XML Databases.,2005,SEBD,https://openalex.org/W11184293,
97,1,2003,conf/sebd/MissierB03,A model for Information Quality management in Cooperative Information Systems,Paolo Missier; Carlo Batini,A model for information quality management framework for cooperative information systems,"2003, BOA (University of Milano-Bicocca)",OpenAlex best title/author match.,1,A model for information quality management framework for cooperative information systems,2003,BOA (University of Milano-Bicocca),https://openalex.org/W1040733579,
98,0,2002,conf/sebd/BeneventanoBGGGV02,The WINK Project for Virtual Enterprise Networking and Integration,Domenico Beneventano; Sonia Bergamaschi; Davide Gazzotti; Gionata Gelati; Francesco Guerra 0001; Maurizio Vincini,The WINK Project for Virtual Enterprise Networking and Integration,"2002, Iris Unimore (University of Modena and Reggio Emilia)",No reliable OpenAlex citation match found.,0,The WINK Project for Virtual Enterprise Networking and Integration,2002,Iris Unimore (University of Modena and Reggio Emilia),https://openalex.org/W157546901,
99,0,2004,conf/sebd/BatiniCPFPG04,Metodologie ed esperienze di sviluppo di applicazioni multicanale nell'anagrafe bovina,Carlo Batini; Marco Comerio; Flavio De Paoli; Cesare Di Francesco; Adriano Di Pasquale; Simone Grega,Metodologie ed esperienze di sviluppo di applicazioni multicanale nell'anagrafe bovina.,"2004, SEBD",No reliable OpenAlex citation match found.,0,Metodologie ed esperienze di sviluppo di applicazioni multicanale nell'anagrafe bovina.,2004,SEBD,https://openalex.org/W60226279,
100,0,2005,conf/sebd/GrandiMMRST05,Personalized access to multi-version XML documents in an eGovernment scenario,Fabio Grandi 0001; Federica Mandreoli; Riccardo Martoglia; Enrico Ronchetti; Maria Rita Scalas; Paolo Tiberio,Personalized access to multi-version XML documents in an eGovernment scenario,2005,No reliable OpenAlex citation match found.,0,Personalized access to multi-version XML documents in an eGovernment scenario,2005,,https://openalex.org/W1218153699,
101,0,2003,conf/sebd/CaliNLMRR03,DIS@DIS: un Sistema per l'Integrazione Semantica dei Dati in Presenza di Vincoli di Integrità,Andrea Calì; Saverio De Nigris; Domenico Lembo; Gabriele Messineo; Riccardo Rosati 0001; Marco Ruzzi,Dis@Dis: un sistema per l'integrazione semantica dei dati in presenza di vincoli di integrità,"2003, BIROn (Birkbeck, University of London)",No reliable OpenAlex citation match found.,0,Dis@Dis: un sistema per l'integrazione semantica dei dati in presenza di vincoli di integrità,2003,"BIROn (Birkbeck, University of London)",https://openalex.org/W1255926959,
102,0,2003,conf/sebd/KimaniLCSS03,Visual Data Mining with VidaMine,Stephen Kimani; Stefano Lodi; Tiziana Catarci; Giuseppe Santucci; Claudio Sartori 0001,Visual Data Mining with VidaMine.,"2003, SEBD",No reliable OpenAlex citation match found.,0,Visual Data Mining with VidaMine.,2003,SEBD,https://openalex.org/W149629468,
103,0,2003,conf/sebd/TagarelliTMMP03,Mining Scientific Results to Measure the Efficiency of Research Centers,Andrea Tagarelli; Irina Trubitsyna; Antonella Mecchia; Tommaso Mostardi; R. Pupo,Mining Scientific Results to Measure the Efficiency of Research Centers.,"2003, SEBD",No reliable OpenAlex citation match found.,0,Mining Scientific Results to Measure the Efficiency of Research Centers.,2003,SEBD,https://openalex.org/W98247923,
104,0,2005,conf/sebd/BragaCMRS05,XQBE: the Swiss Army Knife for Semi-structured Data,Daniele Braga; Alessandro Campi; Davide Martinenghi; Alessandro Raffio; Damiano Salvi,XQBE: the Swiss Army Knife for Semi-structured Data.,"2005, The Journal of Knee Surgery",No reliable OpenAlex citation match found.,0,XQBE: the Swiss Army Knife for Semi-structured Data.,2005,The Journal of Knee Surgery,https://openalex.org/W30959536,https://doi.org/10.1055/s-0039-1684012
105,0,2005,conf/sebd/VarlaroALMG05,Relational Clustering with Discrete Spatial Structure,Antonio Varlaro; Annalisa Appice; Antonietta Lanza; Donato Malerba; Giuseppe Guarnieri,Relational Clustering with Discrete Spatial Structure.,"2005, SEBD",No reliable OpenAlex citation match found.,0,Relational Clustering with Discrete Spatial Structure.,2005,SEBD,https://openalex.org/W1810201,https://doi.org/10.1128/aac.35.12.2645
106,1,2004,conf/sebd/Cali04,Reasoning in Data Integration Systems: why LAV and GAV are Siblings,Andrea Calì,Reasoning in Data Integration Systems: Why LAV and GAV Are Siblings,"2003, Lecture notes in computer science",OpenAlex best title/author match.,1,Reasoning in Data Integration Systems: Why LAV and GAV Are Siblings,2003,Lecture notes in computer science,https://openalex.org/W236490734,https://doi.org/10.1007/978-3-540-39592-8_79
107,0,2002,conf/sebd/BolchiniSST02,Physical and Logical Data Structures for Very Small Databases,Cristiana Bolchini; Fabio Salice; Fabio Alberto Schreiber; Letizia Tanca,Physical and Logical Data Structures for Very Small Databases.,"2002, Virtual Community of Pathological Anatomy (University of Castilla La Mancha)",No reliable OpenAlex citation match found.,0,Physical and Logical Data Structures for Very Small Databases.,2002,Virtual Community of Pathological Anatomy (University of Castilla La Mancha),https://openalex.org/W183709896,
108,0,2002,conf/sebd/BuccafurriLRU02,Modellazione del comportamento degli utenti per supportarne l'accesso a sorgenti informative eterogenee,Francesco Buccafurri; Gianluca Lax; Domenico Rosaci; Domenico Ursino,Modellazione del comportamento degli utenti per supportarne l'accesso a sorgenti informative eterogenee.,"2002, Università Politecnica delle Marche (Università Politecnica delle Marche)",No reliable OpenAlex citation match found.,0,Modellazione del comportamento degli utenti per supportarne l'accesso a sorgenti informative eterogenee.,2002,Università Politecnica delle Marche (Università Politecnica delle Marche),https://openalex.org/W126729211,
109,0,2003,conf/sebd/AppiceCEM03,Mining Model Trees with Regression and Splitting Nodes,Annalisa Appice; Michelangelo Ceci; Floriana Esposito; Donato Malerba,Mining Model Trees with Regression and Splitting Nodes.,"2003, CINECA IRIS Institutional Research Information System (University of Bari Aldo Moro)",No reliable OpenAlex citation match found.,0,Mining Model Trees with Regression and Splitting Nodes.,2003,CINECA IRIS Institutional Research Information System (University of Bari Aldo Moro),https://openalex.org/W87820112,
110,0,2003,conf/sebd/AppiceCMS03,Stepwise Model Tree Induction in a Multi-Relational Framework,Annalisa Appice; Michelangelo Ceci; Donato Malerba; D. Sacchi,Stepwise Model Tree Induction in a Multi-Relational Framework.,"2003, CINECA IRIS Institutional Research Information System (University of Bari Aldo Moro)",No reliable OpenAlex citation match found.,0,Stepwise Model Tree Induction in a Multi-Relational Framework.,2003,CINECA IRIS Institutional Research Information System (University of Bari Aldo Moro),https://openalex.org/W146467560,
111,0,2003,conf/sebd/BonchiGMP03,Pre-processing for Constrained Pattern Mining,Francesco Bonchi; Fosca Giannotti; Alessio Mazzanti; Dino Pedreschi,Pre-processing for Constrained Pattern Mining.,"2003, SEBD",No reliable OpenAlex citation match found.,0,Pre-processing for Constrained Pattern Mining.,2003,SEBD,https://openalex.org/W33184658,https://doi.org/10.1093/ejcts/ezaa409
112,0,2004,conf/sebd/CastanoFMR04,A Semantic Approach for Resource Discovery in Distributed Systems,Silvana Castano; Alfio Ferrara; Stefano Montanelli; Gianpaolo Racca,A Semantic Approach for Resource Discovery in Distributed Systems.,"2004, SEBD",No reliable OpenAlex citation match found.,0,A Semantic Approach for Resource Discovery in Distributed Systems.,2004,SEBD,https://openalex.org/W200466623,
113,0,2004,conf/sebd/CombiMOR04,From semi-structured multimedia temporal graphs to XML,Carlo Combi; Sara Migliorini 0001; Barbara Oliboni; Rosalba Rossato,From semi-structured multimedia temporal graphs to XML.,"2004, SEBD",No reliable OpenAlex citation match found.,0,From semi-structured multimedia temporal graphs to XML.,2004,SEBD,https://openalex.org/W174704003,
114,0,2004,conf/sebd/CostaMOT04,Clustering of XML Documents by Structure based on Tree Matching and Merging,Gianni Costa; Giuseppe Manco 0001; Riccardo Ortale; Andrea Tagarelli,Clustering of XML Documents by Structure based on Tree Matching and Merging.,"2004, SEBD",No reliable OpenAlex citation match found.,0,Clustering of XML Documents by Structure based on Tree Matching and Merging.,2004,SEBD,https://openalex.org/W155659320,
115,0,2004,conf/sebd/FlescaFMP04,A Framework for minimizing Xpath queries,Sergio Flesca; Filippo Furfaro; Elio Masciari; Francesco Parisi,A Framework for minimizing Xpath queries.,2004,No reliable OpenAlex citation match found.,0,A Framework for minimizing Xpath queries.,2004,,https://openalex.org/W6521063,
116,0,2004,conf/sebd/GrecoTTZ04,A System Supporting Website Navigation,Sergio Greco; Andrea Tagarelli; Irina Trubitsyna; Ester Zumpano,A SYSTEM SUPPORTING WEBSITE NAVIGATION,"2004, SEBD",No reliable OpenAlex citation match found.,0,A SYSTEM SUPPORTING WEBSITE NAVIGATION,2004,SEBD,https://openalex.org/W116306067,
117,0,2004,conf/sebd/GrimaldiPRT04,Derivazione efficiente di pattern strutturati frequenti da database di natura biologica,Pasquale Grimaldi; Simona E. Rombo; Giorgio Terracina; Luigi Palopoli 0001,Derivazione efficiente di pattern strutturati frequenti da database di natura biologica.,"2004, Nova Science Publishers (Nova Science Publishers, Inc.)",No reliable OpenAlex citation match found.,0,Derivazione efficiente di pattern strutturati frequenti da database di natura biologica.,2004,"Nova Science Publishers (Nova Science Publishers, Inc.)",https://openalex.org/W62084479,
118,0,2004,conf/sebd/MeoQTU04,"Estrazione, a vari livelli di ""severita"", di proprieta interschema da schemi XML",Pasquale De Meo; Giovanni Quattrone; Giorgio Terracina; Domenico Ursino,"Estrazione, a vari livelli di ""severita"", di proprieta interschema da schemi XML.","2004, Università Politecnica delle Marche (Università Politecnica delle Marche)",No reliable OpenAlex citation match found.,0,"Estrazione, a vari livelli di ""severita"", di proprieta interschema da schemi XML.",2004,Università Politecnica delle Marche (Università Politecnica delle Marche),https://openalex.org/W1580426994,
119,0,2005,conf/sebd/BaralisCCM05,Index Support for Mining Data Streams in a Relational DBMS,Elena Baralis; Tania Cerquitelli; Silvia Chiusano; Diego Mostile,Index Support for Mining Data Streams in a Relational DBMS,"2005, PORTO Publications Open Repository TOrino (Politecnico di Torino)",No reliable OpenAlex citation match found.,0,Index Support for Mining Data Streams in a Relational DBMS,2005,PORTO Publications Open Repository TOrino (Politecnico di Torino),https://openalex.org/W1508123290,
120,0,2005,conf/sebd/BianchiniAPP05,Semantic Service Publication and Retrieval in the MAIS Project,Devis Bianchini; Valeria De Antonellis; Barbara Pernici; Pierluigi Plebani,Semantic Service Publication and Retrieval in the MAIS Project,2005,No reliable OpenAlex citation match found.,0,Semantic Service Publication and Retrieval in the MAIS Project,2005,,https://openalex.org/W93006607,
121,0,2005,conf/sebd/CappielloFMP05,PoliQual: Assessment and Improvement of Data Quality,Cinzia Cappiello; Chiara Francalanci; Francesco Martini; Barbara Pernici,PoliQual: Assessment and Improvement of Data Quality.,"2005, Virtual Community of Pathological Anatomy (University of Castilla La Mancha)",No reliable OpenAlex citation match found.,0,PoliQual: Assessment and Improvement of Data Quality.,2005,Virtual Community of Pathological Anatomy (University of Castilla La Mancha),https://openalex.org/W107286411,
122,0,2005,conf/sebd/FlescaGMT05,Wrapping PDF Documents: A Preliminary Study,Sergio Flesca; Salvatore Garruzzo; Elio Masciari; Andrea Tagarelli,Wrapping PDF Documents: A Preliminary Study.,"2005, SEBD",No reliable OpenAlex citation match found.,0,Wrapping PDF Documents: A Preliminary Study.,2005,SEBD,https://openalex.org/W182507137,
123,0,2005,conf/sebd/GriecoLRR05,Experimenting efficient query answering over inconsistent databases (extended abstract),Luca Grieco; Domenico Lembo; Riccardo Rosati 0001; Marco Ruzzi,Experimenting efficient query answering over inconsistent databases (extended abstract),2005,No reliable OpenAlex citation match found.,0,Experimenting efficient query answering over inconsistent databases (extended abstract),2005,,https://openalex.org/W64067302,
124,0,2005,conf/sebd/IannonePRS05,Un algoritmo per la rimozione delle ridondanze in un grafo RDF,Luigi Iannone; Ignazio Palmisano; Domenico Redavid; Giovanni Semeraro,Un algoritmo per la rimozione delle ridondanze in un grafo RDF.,"2005, CINECA IRIS Institutional Research Information System (University of Bari Aldo Moro)",No reliable OpenAlex citation match found.,0,Un algoritmo per la rimozione delle ridondanze in un grafo RDF.,2005,CINECA IRIS Institutional Research Information System (University of Bari Aldo Moro),https://openalex.org/W166148783,
125,0,2005,conf/sebd/MeoQTU05,Utilizzo delle proprieta' interschema per il clustering di Schemi XML semanticamente eterogenei,Pasquale De Meo; Giovanni Quattrone; Giorgio Terracina; Domenico Ursino,Utilizzo delle proprieta' interschema per il clustering di Schemi XML semanticamente eterogenei.,"2005, Università Politecnica delle Marche (Università Politecnica delle Marche)",No reliable OpenAlex citation match found.,0,Utilizzo delle proprieta' interschema per il clustering di Schemi XML semanticamente eterogenei.,2005,Università Politecnica delle Marche (Università Politecnica delle Marche),https://openalex.org/W59750898,
126,0,2002,conf/sebd/AppiceCM02,KDB2000: Uno strumento per la scoperta della conoscenza,Annalisa Appice; Michelangelo Ceci; Donato Malerba,KDB2000: Uno strumento per la scoperta della conoscenza.,"2002, SEBD",No reliable OpenAlex citation match found.,0,KDB2000: Uno strumento per la scoperta della conoscenza.,2002,SEBD,https://openalex.org/W44676928,
127,0,2002,conf/sebd/CrescenziMM02,Back to Gold's Age: Bridging the Gap Between Traditional Grammar Inference and Web Information Extraction,Valter Crescenzi; Giansalvatore Mecca; Paolo Merialdo,Back to Gold's Age: Bridging the Gap Between Traditional Grammar Inference and Web Information Extraction.,"2002, Iris (Roma Tre University)",No reliable OpenAlex citation match found.,0,Back to Gold's Age: Bridging the Gap Between Traditional Grammar Inference and Web Information Extraction.,2002,Iris (Roma Tre University),https://openalex.org/W258783141,
128,0,2002,conf/sebd/MalerbaEM02,Estrazione e matching di oggetti simbolici da database relazionali,Donato Malerba; Francesca Esposito; Marianna Monopoli,Estrazione e matching di oggetti simbolici da database relazionali.,"2002, CINECA IRIS Institutional Research Information System (University of Bari Aldo Moro)",No reliable OpenAlex citation match found.,0,Estrazione e matching di oggetti simbolici da database relazionali.,2002,CINECA IRIS Institutional Research Information System (University of Bari Aldo Moro),https://openalex.org/W27593641,
129,0,2003,conf/sebd/BertinoFM03,Memorizzazione di regole per l'instradamento di messaggi in un sistema di comunicazione universale,Elisa Bertino; Stefano Franzoni; Marco Mesiti,Memorizzazione di regole per l'instradamento di messaggi in un sistema di comunicazione universale.,"2003, SEBD",No reliable OpenAlex citation match found.,0,Memorizzazione di regole per l'instradamento di messaggi in un sistema di comunicazione universale.,2003,SEBD,https://openalex.org/W62205365,
130,0,2003,conf/sebd/MeoIU03,Gestione soggettiva della QoS nelle reti di telecomunicazioni mediante un modello multi-agente basato su XML,Pasquale De Meo; Antonio Iera; Domenico Ursino,Gestione soggettiva della QoS nelle reti di telecomunicazioni mediante un modello multi-agente basato su XML.,"2003, Università Politecnica delle Marche (Università Politecnica delle Marche)",No reliable OpenAlex citation match found.,0,Gestione soggettiva della QoS nelle reti di telecomunicazioni mediante un modello multi-agente basato su XML.,2003,Università Politecnica delle Marche (Università Politecnica delle Marche),https://openalex.org/W244887916,
131,0,2003,conf/sebd/MeoTU03,Integrazione di documenti XML a vari livelli di flessibilità,Pasquale De Meo; Giorgio Terracina; Domenico Ursino,Integrazione di documenti XML a vari livelli di flessibilità,"2003, Università Politecnica delle Marche (Università Politecnica delle Marche)",No reliable OpenAlex citation match found.,0,Integrazione di documenti XML a vari livelli di flessibilità,2003,Università Politecnica delle Marche (Università Politecnica delle Marche),https://openalex.org/W1212546738,
132,0,2004,conf/sebd/BaldacciGR04,Mining di pattern complessi di superficie da strutture molecolari,Lorenzo Baldacci; Matteo Golfarelli; Stefano Rizzi,Mining di pattern complessi di superficie da strutture molecolari.,"2004, Archivio istituzionale della ricerca (Alma Mater Studiorum Università di Bologna)",No reliable OpenAlex citation match found.,0,Mining di pattern complessi di superficie da strutture molecolari.,2004,Archivio istituzionale della ricerca (Alma Mater Studiorum Università di Bologna),https://openalex.org/W115029408,
133,0,2004,conf/sebd/BatkoGZ04,A P2P-based System for searching in Metric Spaces,Michal Batko; Claudio Gennaro; Pavel Zezula,A P2P-based System for searching in Metric Spaces.,"2004, SEBD",No reliable OpenAlex citation match found.,0,A P2P-based System for searching in Metric Spaces.,2004,SEBD,https://openalex.org/W196274215,
134,0,2004,conf/sebd/BertinoGM04,Exploiting User-Profiles for the Selective Dissemination of XML Documents,Elisa Bertino; Giovanna Guerrini; Marco Mesiti,Exploiting User-Profiles for the Selective Dissemination of XML Documents.,"2004, CINECA IRIS Institutial Research Information System (University of Genoa)",No reliable OpenAlex citation match found.,0,Exploiting User-Profiles for the Selective Dissemination of XML Documents.,2004,CINECA IRIS Institutial Research Information System (University of Genoa),https://openalex.org/W48576284,
135,0,2004,conf/sebd/BoschiGP04,Frequent Pattern Queries for Flexible Knowledge Discovery,Francesco Bonchi; Fosca Giannotti; Dino Pedreschi,Frequent Pattern Queries for Flexible Knowledge Discovery.,"2004, SEBD",No reliable OpenAlex citation match found.,0,Frequent Pattern Queries for Flexible Knowledge Discovery.,2004,SEBD,https://openalex.org/W132672650,
136,0,2004,conf/sebd/BuccafurriLR04,Riduzione del traffico nei sistemi P2P: un approccio semantico,Francesco Buccafurri; Gianluca Lax; Simona E. Rombo,Riduzione del traffico nei sistemi P2P: un approccio semantico.,"2004, Nova Science Publishers (Nova Science Publishers, Inc.)",No reliable OpenAlex citation match found.,0,Riduzione del traffico nei sistemi P2P: un approccio semantico.,2004,"Nova Science Publishers (Nova Science Publishers, Inc.)",https://openalex.org/W67029436,
137,0,2004,conf/sebd/DiamantiniPP04,Choosing the Right Classifier: An Approach to Decision Boundary Characterization for a KDD User Support System,Claudia Diamantini; Maurizio Panti; Domenico Potena,Choosing the Right Classifier: An Approach to Decision Boundary Characterization for a KDD User Support System.,"2004, SEBD",No reliable OpenAlex citation match found.,0,Choosing the Right Classifier: An Approach to Decision Boundary Characterization for a KDD User Support System.,2004,SEBD,https://openalex.org/W247113404,
138,0,2004,conf/sebd/GrecoLS04,On Weighted Hypertree Decompositions,Gianluigi Greco; Nicola Leone; Francesco Scarcello,On Weighted Hypertree Decompositions,2004,No reliable OpenAlex citation match found.,0,On Weighted Hypertree Decompositions,2004,,https://openalex.org/W118903628,
139,0,2005,conf/sebd/BlancoCM05,Harvesting Structurally Similar Pages,Lorenzo Blanco; Valter Crescenzi; Paolo Merialdo,Harvesting Structurally Similar Pages,"2005, Current Microbiology",No reliable OpenAlex citation match found.,0,Harvesting Structurally Similar Pages,2005,Current Microbiology,https://openalex.org/W19067045,https://doi.org/10.1007/s00284-008-9327-1
140,0,2005,conf/sebd/CeciAM05,Propositionalization Through Relational Association Rules Mining,Michelangelo Ceci; Annalisa Appice; Donato Malerba,Propositionalization Through Relational Association Rules Mining.,2005,No reliable OpenAlex citation match found.,0,Propositionalization Through Relational Association Rules Mining.,2005,,https://openalex.org/W171522000,
141,0,2002,conf/sebd/AlbanoC02,Un ottimizzatore estendibile di interrogazioni per BD,Antonio Albano; Leonardo Candela,Un ottimizzatore estendibile di interrogazioni per BD.,"2002, SEBD",No reliable OpenAlex citation match found.,0,Un ottimizzatore estendibile di interrogazioni per BD.,2002,SEBD,https://openalex.org/W16329584,
142,0,2002,conf/sebd/BaralisG02,Accurate Classification by means of Association Rules,Elena Baralis; Paolo Garza,Accurate Classification by means of Association Rules,"2002, PORTO Publications Open Repository TOrino (Politecnico di Torino)",No reliable OpenAlex citation match found.,0,Accurate Classification by means of Association Rules,2002,PORTO Publications Open Repository TOrino (Politecnico di Torino),https://openalex.org/W1545851774,
143,0,2002,conf/sebd/DiamantiniP02,"A Prototype of the Agent-Based, Information Gathering System ANKON",Claudia Diamantini; Maurizio Panti,"A Prototype of the Agent-Based, Information Gathering System ANKON.","2002, SEBD",No reliable OpenAlex citation match found.,0,"A Prototype of the Agent-Based, Information Gathering System ANKON.",2002,SEBD,https://openalex.org/W6209504,https://doi.org/10.1097/00005344-198409000-00031
144,0,2002,conf/sebd/FrancoL02,Tecniche di costruzione batch per MKL-tree,Annalisa Franco; Alessandra Lumini,Tecniche di costruzione batch per MKL-tree.,"2002, SEBD",No reliable OpenAlex citation match found.,0,Tecniche di costruzione batch per MKL-tree.,2002,SEBD,https://openalex.org/W173685090,
145,0,2003,conf/sebd/AgostiP03,Structural Properties of Kleinberg's HITS Algorithm,Maristella Agosti; Luca Pretto,Structural Properties of Kleinberg's HITS Algorithm.,"2003, Research Padua  Archive (University of Padua)",No reliable OpenAlex citation match found.,0,Structural Properties of Kleinberg's HITS Algorithm.,2003,Research Padua  Archive (University of Padua),https://openalex.org/W69664486,
146,0,2003,conf/sebd/CaliLR03,Intensional query processing in data integration systems under integrity constraints,Andrea Calì; Domenico Lembo; Riccardo Rosati 0001,Intensional query processing in data integration systems under integrity constraints.,"2003, BIROn (Birkbeck, University of London)",No reliable OpenAlex citation match found.,0,Intensional query processing in data integration systems under integrity constraints.,2003,"BIROn (Birkbeck, University of London)",https://openalex.org/W46867197,
147,0,2003,conf/sebd/FrancoL03,Ottimizzazione di MKL-tree,Annalisa Franco; Alessandra Lumini,Ottimizzazione di MKL-tree.,"2003, SEBD",No reliable OpenAlex citation match found.,0,Ottimizzazione di MKL-tree.,2003,SEBD,https://openalex.org/W53539888,
148,0,2003,conf/sebd/MissikoffT03,The Architecture of Harmonise: an Ontology-based Platform for Semantic Interoperability,Michele Missikoff; Francesco Taglino,The Architecture of Harmonise: an Ontology-based Platform for Semantic Interoperability.,"2003, SEBD",No reliable OpenAlex citation match found.,0,The Architecture of Harmonise: an Ontology-based Platform for Semantic Interoperability.,2003,SEBD,https://openalex.org/W116425396,
149,0,2004,conf/sebd/CuzzocreaM04,An Analytical Approach for Providing Approximate Answers to Aggregate Queries on Bi-Dimensional OLAP Data Cubes,Alfredo Cuzzocrea; Ugo Matrangolo,An Analytical Approach for Providing Approximate Answers to Aggregate Queries on Bi-Dimensional OLAP Data Cubes.,"2004, SEBD",No reliable OpenAlex citation match found.,0,An Analytical Approach for Providing Approximate Answers to Aggregate Queries on Bi-Dimensional OLAP Data Cubes.,2004,SEBD,https://openalex.org/W85203694,
150,0,2004,conf/sebd/FrancoL04,Un nuovo approccio al relevance feedback,Annalisa Franco; Alessandra Lumini,Un nuovo approccio al relevance feedback.,"2004, SEBD",No reliable OpenAlex citation match found.,0,Un nuovo approccio al relevance feedback.,2004,SEBD,https://openalex.org/W109791024,
151,0,2004,conf/sebd/LioP04,Interoperabilita' tra sistemi Datalog disgiuntivi e DBMS: DLV,Vincenzino Lio; Gerald Pfeifer,Interoperabilita' tra sistemi Datalog disgiuntivi e DBMS: DLV.,"2004, SEBD",No reliable OpenAlex citation match found.,0,Interoperabilita' tra sistemi Datalog disgiuntivi e DBMS: DLV.,2004,SEBD,https://openalex.org/W32691022,https://doi.org/10.1016/j.jhepr.2020.100141
152,0,2004,conf/sebd/MandreoliM04,Exploiting related digital library corpora with query rewriting,Federica Mandreoli; Riccardo Martoglia,Exploiting related digital library corpora with query rewriting.,"2004, IRIS UNIMORE (University of Modena and Reggio Emilia)",No reliable OpenAlex citation match found.,0,Exploiting related digital library corpora with query rewriting.,2004,IRIS UNIMORE (University of Modena and Reggio Emilia),https://openalex.org/W147730505,
153,0,2005,conf/sebd/CuzzocreaW05,TP-Tree: a Query Workload-Adaptive Synopsis for Fast OLAP Applications,Alfredo Cuzzocrea; Wei Wang 0011,TP-Tree: a Query Workload-Adaptive Synopsis for Fast OLAP Applications.,"2005, ArTS Archivio della ricerca di Trieste (University of Trieste https://www.units.it/)",No reliable OpenAlex citation match found.,0,TP-Tree: a Query Workload-Adaptive Synopsis for Fast OLAP Applications.,2005,ArTS Archivio della ricerca di Trieste (University of Trieste https://www.units.it/),https://openalex.org/W86248328,
154,0,2005,conf/sebd/NeveO05,Combining Pattern Analysis and Data Fusion Techniques for Music Accessing,Giovanna Neve; Nicola Orio,Combining Pattern Analysis and Data Fusion Techniques for Music Accessing.,"2005, SEBD",No reliable OpenAlex citation match found.,0,Combining Pattern Analysis and Data Fusion Techniques for Music Accessing.,2005,SEBD,https://openalex.org/W162096135,
155,0,2005,conf/sebd/PapottiT05,Translation of Web Data with Chameleon,Paolo Papotti; Riccardo Torlone,Translation of Web Data with Chameleon,"2005, Iris (Roma Tre University)",No reliable OpenAlex citation match found.,0,Translation of Web Data with Chameleon,2005,Iris (Roma Tre University),https://openalex.org/W124139075,
156,0,2005,conf/sebd/SartianiC05,Detecting Corrupted Schema Mappings in XML P2P Databases,Carlo Sartiani; Dario Colazzo,Detecting Corrupted Schema Mappings in XML P2P Databases.,"2005, CINECA IRIS Institutional Research Information System (University of Basilicata)",No reliable OpenAlex citation match found.,0,Detecting Corrupted Schema Mappings in XML P2P Databases.,2005,CINECA IRIS Institutional Research Information System (University of Basilicata),https://openalex.org/W83508963,
157,0,2005,conf/sebd/VirgilioT05,A System for a Flexible Adaptation of Data Intensive Web Sites,Roberto De Virgilio; Riccardo Torlone,A System for a Flexible Adaptation of Data Intensive Web Sites.,"2005, SEBD",No reliable OpenAlex citation match found.,0,A System for a Flexible Adaptation of Data Intensive Web Sites.,2005,SEBD,https://openalex.org/W19939952,https://doi.org/10.1093/ecam/nep202
158,0,2002,conf/sebd/Penzo02,Integration of Semantic and Structure Similarity for XML Data Ranking,Wilma Penzo,Integration of Semantic and Structure Similarity for XML Data Ranking.,"2002, SEBD",No reliable OpenAlex citation match found.,0,Integration of Semantic and Structure Similarity for XML Data Ranking.,2002,SEBD,https://openalex.org/W139036650,
159,0,2002,conf/sebd/Weikum02,The Web in Ten Years: Challenges and Opportunities for Database Research,Gerhard Weikum,The Web in Ten Years: Challenges and Opportunities for Database Research.,"2002, Max Planck Institute for Plasma Physics",No reliable OpenAlex citation match found.,0,The Web in Ten Years: Challenges and Opportunities for Database Research.,2002,Max Planck Institute for Plasma Physics,https://openalex.org/W1498084179,
160,0,2003,conf/sebd/Astrova03,"An Approach to Schema Transformation Based on an Analysis of Key, Data and Attribute Correlations",Irina Astrova,"An Approach to Schema Transformation Based on an Analysis of Key, Data and Attribute Correlations.","2003, SEBD",No reliable OpenAlex citation match found.,0,"An Approach to Schema Transformation Based on an Analysis of Key, Data and Attribute Correlations.",2003,SEBD,https://openalex.org/W199960614,
161,0,2003,conf/sebd/Cluet03,From XML Databases to Content Warehouses,Sophie Cluet,From XML Databases to Content Warehouses.,"2003, SEBD",No reliable OpenAlex citation match found.,0,From XML Databases to Content Warehouses.,2003,SEBD,https://openalex.org/W174037487,
162,0,2003,conf/sebd/Mainetto03,Modeling Indoor Mobile Points in a Relational Database,Giovanni Mainetto,Modeling Indoor Mobile Points in a Relational Database.,"2003, SEBD",No reliable OpenAlex citation match found.,0,Modeling Indoor Mobile Points in a Relational Database.,2003,SEBD,https://openalex.org/W17844650,
163,0,2004,conf/sebd/Nunzio04,Exploring Large Text Collections: Visualization and Classification of Documents,Giorgio Maria Di Nunzio,Exploring Large Text Collections: Visualization and Classification of Documents.,"2004, Research Padua  Archive (University of Padua)",No reliable OpenAlex citation match found.,0,Exploring Large Text Collections: Visualization and Classification of Documents.,2004,Research Padua  Archive (University of Padua),https://openalex.org/W65335238,
164,0,2005,conf/sebd/Bacchin05,Query Expansion for Genomic Digital Libraries,Michela Bacchin,Query Expansion for Genomic Digital Libraries.,"2005, SEBD",No reliable OpenAlex citation match found.,0,Query Expansion for Genomic Digital Libraries.,2005,SEBD,https://openalex.org/W84471065,
165,0,2003,conf/sebd/Grandi03,SVMgr: A Tool for Management of Schema Versioning,Fabio Grandi 0001,SVMgr: A Tool for the Management of Schema Versioning,"2004, Lecture notes in computer science",No reliable OpenAlex citation match found.,0,SVMgr: A Tool for the Management of Schema Versioning,2004,Lecture notes in computer science,https://openalex.org/W173774176,https://doi.org/10.1007/978-3-540-30464-7_73
166,0,2002,conf/sebd/AloiaTV02,Un sistema informativo basato sul Web,Nicola Aloia; Sabrina Tardelli; Loredana Versienti,Un sistema informativo basato sul Web,"2002, ISTI Open Portal",No reliable OpenAlex citation match found.,0,Un sistema informativo basato sul Web,2002,ISTI Open Portal,https://openalex.org/W7132012419,
167,0,2003,conf/sebd/AmatoDZR03,A path index for efficient XML path expression processing,Giuseppe Amato 0001; Franca Debole; Pavel Zezula; Fausto Rabitti,A path index for efficient XML path expression processing,"2003, ISTI Open Portal",No reliable OpenAlex citation match found.,0,A path index for efficient XML path expression processing,2003,ISTI Open Portal,https://openalex.org/W7132195763,
168,0,2003,conf/sebd/DohnalGSZ03,Access Structures for Advanced Similarity Search in Metric Spaces,Vlastislav Dohnal; Claudio Gennaro; Pasquale Savino; Pavel Zezula,Access structures for advanced similarity search in metric spaces,"2003, ISTI Open Portal",No reliable OpenAlex citation match found.,0,Access structures for advanced similarity search in metric spaces,2003,ISTI Open Portal,https://openalex.org/W7132599905,
169,0,2002,conf/sebd/OliboniQT02,Model-Checking Techniques for Efficiently Querying Semistructured Temporal Data,Barbara Oliboni; Elisa Quintarelli; Letizia Tanca,Model-Checking Techniques for Efficiently Querying Semistructured Temporal Data,,No reliable OpenAlex citation match found.,0,,,,,
170,0,2002,conf/sebd/PerniciS02,A Model for Data Quality in Web Information Systems,Barbara Pernici; Monica Scannapieco,A Model for Data Quality in Web Information Systems,,No reliable OpenAlex citation match found.,0,,,,,
171,0,2002,conf/sebd/2002,"Decimo Convegno Nazionale su Sistemi Evoluti per Basi di Dati, SEBD 2002, Portoferraio, Isola d'Elba, Italy, 19-21 Giugno 2002",Paolo Ciaccia; Fausto Rabitti; Giovanni Soda,"Decimo Convegno Nazionale su Sistemi Evoluti per Basi di Dati, SEBD 2002, Portoferraio, Isola d'Elba, Italy, 19-21 Giugno 2002",,No reliable OpenAlex citation match found.,0,,,,,
172,0,2003,conf/sebd/CabibboP03,M2ORM2: Un modello per la gestione trasparente della persistenza relazionale di oggetti,Luca Cabibbo; Roberto Porcelli,M2ORM2: Un modello per la gestione trasparente della persistenza relazionale di oggetti,,No reliable OpenAlex citation match found.,0,,,,,
173,0,2003,conf/sebd/CalvaneseGLV03,Query Containment Using Views,Diego Calvanese; Giuseppe De Giacomo; Maurizio Lenzerini; Moshe Y. Vardi,Query Containment Using Views,,No reliable OpenAlex citation match found.,0,,,,,
174,0,2003,conf/sebd/ColomboFP03,Modeling Business Transactions as e-Services,Enzo Colombo; Chiara Francalanci; Barbara Pernici,Modeling Business Transactions as e-Services,,No reliable OpenAlex citation match found.,0,,,,,
175,0,2003,conf/sebd/2003,"Proceedings of the Eleventh Italian Symposium on Advanced Database Systems, SEBD 2003, Cetraro (CS), Italy, June 24-27, 2003",Sergio Flesca; Sergio Greco; Domenico Saccà; Ester Zumpano,"Proceedings of the Eleventh Italian Symposium on Advanced Database Systems, SEBD 2003, Cetraro (CS), Italy, June 24-27, 2003",,No reliable OpenAlex citation match found.,0,,,,,
176,0,2004,conf/sebd/AndreiniLMS04,Querying Structured XML Document Collections,Marco Andreini; Cristian Lucchesi; Silvia Martelli; Oreste Signore,Querying Structured XML Document Collections,,No reliable OpenAlex citation match found.,0,,,,,
177,0,2004,conf/sebd/GrecoGPS04,On the Mining of Complex Schemas,Gianluigi Greco; Antonella Guzzo; Luigi Pontieri; Domenico Saccà,On the Mining of Complex Schemas,,No reliable OpenAlex citation match found.,0,,,,,
178,0,2004,conf/sebd/2004,"Proceedings of the Twelfth Italian Symposium on Advanced Database Systems, SEBD 2004, S. Margherita di Pula, Cagliari, Italy, June 21-23, 2004",Maristella Agosti; Nicoletta Dessì; Fabio Alberto Schreiber,"Proceedings of the Twelfth Italian Symposium on Advanced Database Systems, SEBD 2004, S. Margherita di Pula, Cagliari, Italy, June 21-23, 2004",,No reliable OpenAlex citation match found.,0,,,,,
179,0,2005,conf/sebd/FrancoL05,Evoluzione dell'approccio MKL al relevance feedback per l'apprendimento a lungo termine,Annalisa Franco; Alessandra Lumini,Evoluzione dell'approccio MKL al relevance feedback per l'apprendimento a lungo termine,,No reliable OpenAlex citation match found.,0,,,,,
180,0,2005,conf/sebd/PantiPS05,An Agent-Based Supply-Chain Management,Maurizio Panti; Francesco Pagliarecci; Luca Spalazzi,An Agent-Based Supply-Chain Management,,No reliable OpenAlex citation match found.,0,,,,,
